Pos,P+,Artist and Title,Days,Pk,(x?),Streams,Streams+,7Day,7Day+,Total
1,=,Tulus - Teh Hijau,66,1,(x51),"142,387","-20,173","1,197,004","-28,206","8,454,540"
2,=,Raim Laode - Iqro',154,1,(x4),"75,914","-11,426","621,727","-12,555","11,356,815"
3,=,Katy Perry - The One That Got Away,326,1,(x3),"73,652","-7,675","599,460","-10,093","15,144,692"
4,+1,eńau - Sesi Potret (w/ Ari Lesmana),95,4,,"71,062","-6,126","529,934",-540,"4,694,955"
5,-1,Akbar Chalay - Astaga Bercanda (w/ Mingse),60,2,(x6),"68,627","-11,202","595,074","-23,784","4,153,657"
6,+3,SIENNA SPIRO - Great Expectation,38,6,,"66,314","+4,142","430,221","+21,526","1,333,960"
7,+1,Ariana Grande - hate that i made you love me,101,1,(x42),"65,010","+1,471","494,457","+6,641","8,646,620"
8,-2,Naykilla - MMG (My Mine Gueh),75,5,,"59,850","-6,935","496,923","-11,209","4,183,549"
9,-2,Raim Laode - Dunia Yang Nanti,89,5,,"56,641","-8,244","458,574","-9,860","4,135,953"
10,+1,Mac Miller - Cinderella (w/ Ty Dolla $ign),57,10,,"55,719","-4,435","418,967",-171,"2,220,224"
11,-1,Piche Kota - Bahagia Lagi,226,2,(x8),"54,664","-6,523","446,841","-11,104","16,238,311"
12,+1,Bruno Mars - Risk It All,193,1,(x71),"54,114","-4,070","421,500","-5,620","19,392,653"
13,-1,Overnight - Kita Lewati Berdua,68,12,,"52,456","-5,991","407,329","+1,439","2,890,409"
14,=,Nadhif Basalamah - bergema sampai selamanya,555,3,(x48),"49,980","-6,616","399,690","-6,614","34,443,268"
15,=,Shawn Mendes - Treat You Better,2339,4,,"49,859","-6,146","414,409","-9,706","32,868,737"
16,=,Nadhif Basalamah - kota ini tak sama tanpamu,271,1,(x37),"48,764","-7,002","395,444","-12,881","19,204,217"
17,+1,Ifan Seventeen - Jangan Paksa Rindu - Beda,191,5,,"48,698","-3,609","361,250","-2,406","10,259,720"
18,+2,Lady Gaga - Die With A Smile (w/ Bruno Mars),753,1,(x91),"48,157","-1,548","368,147","-1,113","59,912,348"
19,-2,Justin Bieber - Beauty And A Beat (w/ Nicki Minaj),445,1,(x14),"46,983","-5,739","388,051","-10,680","16,714,913"
20,-1,Sal Priadi - Ada titik-titik di ujung doa,208,5,,"45,669","-5,792","373,507","-13,685","12,549,339"
21,+9,LISA - SaWaDiKa,4,17,,"43,837","+4,326","180,841","+43,837","180,841"
22,+5,Dua Lipa - Training Season,20,22,,"42,964","+1,480","292,085","+12,012","568,616"
23,=,Fourtwnty - Mangu (w/ Charita Utami),508,1,(x23),"42,394","-2,228","327,834","-1,183","28,370,642"
24,-3,Sal Priadi - Foto kita blur,86,17,,"40,461","-5,549","337,037","-5,459","3,476,368"
25,-3,ADÉLA - Ain't In LA,34,22,,"39,761","-6,020","264,241","+12,039","876,607"
26,-1,"Nuca - Masa ini, Nanti, dan Masa Indah Lainnya",230,9,,"39,638","-3,834","315,357","-6,971","10,692,217"
27,+1,Olivia Rodrigo - the cure,109,10,,"39,230","-2,063","290,074","+3,824","4,280,183"
28,-4,Malcolm Todd - Earrings,155,13,,"38,251","-5,410","308,375","-5,007","6,189,804"
29,+4,SIENNA SPIRO - Die On This Hill,273,1,(x3),"37,572",+373,"269,886","+2,680","13,359,789"
30,+8,SIENNA SPIRO - Pure,27,30,,"37,331",+992,"247,130","+12,102","698,275"
31,-5,Rahmat - Siapa Di Hatimu,185,26,,"37,096","-4,971","271,040","+2,497","5,273,765"
32,-1,Olivia Rodrigo - drop dead,144,7,,"36,973","-1,646","282,436",-305,"6,965,120"
33,+7,JENNIE - FALLEN ANGEL,11,28,,"36,445",+900,"254,854","+9,689","367,405"
34,-5,Nadhif Basalamah - penjaga hati,1061,1,(x96),"35,304","-4,550","285,942","-5,449","52,247,992"
35,-1,sombr - back to friends,532,2,(x1),"34,509","-2,546","272,323","-5,125","31,043,811"
36,-1,Mojo - Romancinta,230,6,,"34,140","-2,800","270,719","-4,056","9,296,875"
37,-5,Sofaz - Dan Bila Esok,288,32,,"34,122","-4,388","255,436","+12,407","6,088,838"
38,+1,Billie Eilish - WILDFLOWER,844,4,,"33,683","-2,164","258,743","-2,932","45,229,517"
39,-3,Ravyn Lenae - Love Me Not,503,14,,"33,316","-3,512","275,674","-5,903","16,297,388"
40,+6,Billie Eilish - BIRDS OF A FEATHER,844,1,(x60),"32,821","-1,442","258,381","-5,073","58,696,496"
41,+6,Adira Suhaimi - Sayang Orang Sama,172,5,,"32,562","-1,446","243,233","-4,904","8,551,343"
42,+3,Bruno Mars - Locked out of Heaven,840,22,,"32,546","-1,829","239,912","+3,649","18,354,181"
43,-6,Noah - Separuh Aku,776,37,,"32,374","-4,446","227,675","+2,933","14,131,832"
44,+11,D’MASIV - Cinta Ini Membunuhku,1566,25,,"31,987",+972,"237,335",+525,"32,364,790"
45,+21,Mahalini - Percuma,4,45,,"31,795","+4,005","104,342","+31,795","104,342"
46,+12,Dua Lipa - Training Season (Live from the Royal Albert Hall),9,46,,"31,640","+1,798","208,650","+10,176","249,796"
47,+6,Olivia Rodrigo - stupid song,88,9,,"31,461",-261,"231,349","+3,433","3,520,284"
48,-5,Raim Laode - Lesung Pipi,515,23,,"31,019","-3,669","242,673","-3,019","14,761,825"
49,-5,Post Malone - Sunflower - Spider-Man: Into the Spider-Verse (w/ Swae Lee),1728,1,(x27),"30,894","-3,590","268,312","-13,000","28,273,270"
50,-8,Pamungkas - Monolog,425,22,,"30,825","-4,098","235,167","+1,219","13,244,604"
51,-10,Raim Laode - Bersenja Gurau,168,27,,"30,780","-4,598","244,406",+787,"5,268,132"
52,-4,Taylor Swift - Blank Space,1526,31,,"30,758","-2,547","241,890","-1,038","22,854,008"
53,-1,Tulus - Jatuh Suka,51,33,,"29,630","-2,380","226,596","+2,387","1,364,711"
54,-4,Insomniacks - Pulang,1752,15,,"29,326","-3,453","233,550","-1,616","29,665,403"
55,+6,Olivia Rodrigo - honeybee,88,11,,"28,773",-240,"211,361",+516,"3,295,717"
56,=,KATSEYE - Animal,46,13,,"28,655","-2,058","228,620","-2,869","1,811,225"
57,-6,Pamungkas - Berapa Kali Kita Akan Saling Memaafkan,103,25,,"28,418","-4,091","226,828","-4,307","3,316,056"
58,+1,Charlie Puth - We Don't Talk Anymore (w/ Selena Gomez),2410,4,,"28,377","-1,011","224,431","-5,148","38,053,386"
59,+4,P!nk - Just Give Me a Reason (w/ Nate Ruess),486,50,,"28,364",-354,"211,366",+699,"7,410,427"
60,-11,CORTIS - REDRED,141,8,,"27,462","-5,378","237,152","-5,055","5,880,392"
61,+3,Ariana Grande - we can't be friends (wait for your love),914,1,(x32),"27,287","-1,268","210,254","-7,589","45,336,399"
62,=,"The Weeknd - One Of The Girls (w/ JENNIE, Lily-Rose Depp)",1173,1,(x9),"27,168","-1,608","216,301","-6,754","56,075,077"
63,+25,BTS - SWIM,172,2,(x4),"27,141","+1,885","189,750","+3,301","8,336,808"
64,-10,Andmesh - Anugerah Terindah,614,5,,"27,021","-4,071","214,128",-831,"20,032,472"
65,+28,JENNIE - Less than a Lover,46,9,,"26,716","+1,937","195,146","-1,097","1,752,852"
66,-6,Maroon 5 - Payphone (w/ Wiz Khalifa),2017,39,,"26,560","-2,826","220,381","-6,724","32,565,553"
67,+6,The Script - The Man Who Can't Be Moved,966,24,,"26,153",-590,"194,237",-161,"13,203,771"
68,-11,Alpha - P Ramlee Saloma,368,1,(x30),"25,947","-3,936","218,416","-6,945","18,650,833"
69,+3,Aisha Retno - Tak Adil,28,33,,"25,878","-1,110","206,319","-4,877","861,989"
70,+25,JENNIE - HEAVEN,9,51,,"25,614",+931,"155,583","+4,649","232,853"
71,+6,Bruno Mars - Talking to the Moon,1984,6,,"25,438",-426,"188,916",-722,"37,651,993"
72,+2,Taylor Swift - The Fate of Ophelia,340,1,(x26),"25,398","-1,081","194,827",-983,"18,794,441"
73,-4,One Direction - Night Changes,2658,4,,"25,289","-1,958","198,417","-1,213","54,622,078"
74,-9,Daniel Caesar - Who Knows,314,15,,"24,947","-2,893","192,595","-1,570","11,325,051"
75,+7,The Weeknd - Starboy (w/ Daft Punk),1959,2,(x28),"24,777",-905,"190,066","-1,857","39,707,983"
76,-9,ENHYPEN - Bloody Paradise,18,35,,"24,766","-2,748","204,267","-4,432","569,831"
77,-1,SAMSONS - Kenangan Terindah,1760,32,,"24,730","-1,232","174,912","+2,292","27,413,916"
78,+6,Dave - Raindance (w/ Tems),240,14,,"24,501","-1,081","193,658","-4,834","7,999,074"
79,+2,Charlie Puth - Attention,1294,2,(x81),"23,969","-1,729","184,861",-660,"24,649,940"
80,-2,Andra & The Backbone - Sempurna,945,59,,"23,961","-1,855","172,328","+1,870","16,203,684"
81,+22,Temper City - Self Aware,111,35,,"23,855",-299,"182,697","-1,898","2,761,808"
82,+10,Bruno Mars - Just the Way You Are,3601,17,,"23,824","-1,191","180,723","-2,114","45,941,055"
83,-15,Hazama - Sampai Mati,407,63,,"23,724","-3,735","191,947","+4,607","1,564,006"
84,+1,Hafiz Suip - Bahagiamu Deritaku,453,11,,"23,539","-2,012","169,750","-3,554","14,545,985"
85,+9,Dayang Nurfaizah - Lelaki Teragung,136,27,,"23,443","-1,254","110,926","+3,949","998,533"
86,-15,Hyper Act - Takkan Pergi,970,36,,"23,407","-3,609","172,549",-92,"15,390,450"
87,+13,Steve Lacy - oh yeah?,35,38,,"23,367",-961,"176,842","+2,482","950,150"
88,+2,ATEEZ - BAD,64,73,,"23,246","-1,922","181,356",-811,"1,518,995"
89,+7,The Weeknd - Die For You,1844,6,,"23,209","-1,456","185,191","-6,543","48,427,717"
90,+11,The 1975 - About You,750,67,,"23,091","-1,142","170,774",-727,"14,632,760"
91,RE,JISOO - CLICK,2,91,,"23,088",,"47,253","+23,088","47,253"
92,+7,Gigi Perez - Sailor Song,715,30,,"23,081","-1,275","177,163","-5,442","18,922,870"
93,+14,Hindia - Rumah Ke Rumah,934,39,,"22,995",-821,"173,939",+383,"19,874,437"
94,+12,Anggi Marito - Tak Segampang Itu,1076,1,(x50),"22,948",-980,"171,612","-2,012","49,027,079"
95,-15,"Tenxi - Garam & Madu (Sakit Dadaku) (w/ Jemsii, Naykilla)",613,1,(x51),"22,860","-2,848","186,434","-3,074","32,011,160"
96,+6,Kahitna - Titik Nadir (w/ Monita Tahalea),15,92,,"22,834","-1,364","163,387","+2,464","332,965"
97,-14,Raim Laode - Komang,1106,11,,"22,779","-2,830","181,483","-2,254","27,521,584"
98,-28,Justin Bieber - That Should Be Me,148,4,,"22,574","-4,579","208,948","-13,647","7,030,104"
99,-8,Bazzi - Beautiful (w/ Camila Cabello),864,1,(x39),"22,364","-2,791","178,978","-5,125","14,392,378"
100,-25,Idgitaf - Sedia Aku Sebelum Hujan,279,1,(x16),"22,216","-3,784","183,789","-1,803","14,615,416"
101,-22,Insomniacks - Reminisensi,855,3,(x9),"22,165","-3,628","180,653","-2,846","29,486,417"
102,+3,DJ Snake - Let Me Love You (w/ Justin Bieber),925,2,(x27),"22,114","-1,930","175,036","-1,129","16,181,584"
103,+25,Bruno Mars - It Will Rain,1119,13,,"21,934",-173,"157,910","+1,649","23,883,735"
104,+10,Danial Kifli - Ku Yang Berjuang,84,96,,"21,860",-980,"155,948",+881,"1,770,778"
105,-8,Arctic Monkeys - I Wanna Be Yours,1520,8,,"21,813","-2,602","176,318","-3,897","47,957,200"
106,+13,Backstreet Boys - Shape of My Heart,398,51,,"21,754",-944,"164,530","-1,829","5,640,399"
107,-18,The Lantis - Bunga Maaf,626,4,,"21,753","-3,434","180,517","-6,203","24,196,538"
108,+30,Spoon - Memori Sekuntum Rindu,112,73,,"21,708",+332,"161,043","-3,053","2,394,019"
109,-23,Naykilla - SO ASU,293,7,,"21,693","-3,766","187,048","-4,772","10,100,472"
110,+36,Ariana Grande - petal,39,7,,"21,634",+780,"159,636",-507,"1,541,564"
111,+9,Djo - End of Beginning,854,2,(x15),"21,556","-1,032","170,215","-3,356","34,242,569"
112,+27,Ukays - Disana Menanti Di Sini Menunggu,55,79,,"21,368",+232,"160,131","-1,849","1,062,933"
113,=,Miguel - Sure Thing,156,48,,"21,201","-1,974","109,144","+21,201","2,679,433"
114,-5,Justin Bieber - Confident - Single Version (w/ Chance the Rapper),514,14,,"21,195","-2,427","174,734","-5,475","11,621,258"
115,-4,Ernie Zakri - Masing Masing (w/ Ade Govinda),698,2,(x21),"21,126","-2,302","170,599","-4,285","31,054,874"
116,+29,Fajar Noor - Tuhan Tahu Kita Saling Cinta,28,94,,"21,049",+115,"148,037","+21,049","578,192"
117,-30,Batas Senja - Nanti Kita Seperti Ini,908,24,,"20,979","-4,291","118,710",+482,"20,402,653"
118,-10,Raim Laode - Menari-nari,12,91,,"20,937","-2,736","168,541",+724,"262,490"
119,-2,Nidji - Hapus Aku,347,57,,"20,897","-1,861","134,684","+20,897","5,862,369"
120,+48,Faouzia - UNETHICAL,6,120,,"20,672",+618,"123,565","+20,672","123,565"
121,-3,Hindia - everything u are,242,62,,"20,661","-2,039","153,787",-332,"5,339,456"
122,+31,The Chainsmokers - Closer (w/ Halsey),2663,1,(x147),"20,629",-58,"160,058","-2,686","35,367,745"
123,+28,Kendrick Lamar - All The Stars (w/ SZA),862,1,(x33),"20,576",-133,"156,386",-325,"17,505,631"
124,-14,Ammar Haikal - Gila Bayang,69,31,,"20,531","-3,008","167,244","-5,158","2,132,377"
125,+9,Black - Anugerah Terindah,155,73,,"20,494","-1,187","141,130","+20,494","1,495,653"
126,+4,Ariana Grande - Love Me Harder (w/ The Weeknd),457,2,(x2),"20,478","-1,597","156,749",+208,"4,273,648"
127,+40,Rihanna - Umbrella (w/ JAŸ-Z),26,100,,"20,464",+377,"150,412","+1,073","527,065"
128,+35,Tame Impala - Loser,30,74,,"20,358",+177,"150,711","+20,358","684,417"
129,-2,Marshmello - Silence (w/ Khalid),577,10,,"20,350","-1,768","137,721","+20,350","6,449,513"
130,+22,Wali - Yank,105,72,,"20,258",-449,"103,259","+20,258","1,947,369"
131,+1,Dominic Fike - Babydoll,188,19,,"20,148","-1,644","165,260","-3,595","5,754,177"
132,+9,Kerispatih - Tapi Bukan Aku,269,45,,"20,082",-963,"122,083",-487,"5,496,031"
133,+49,Olivia Dean - So Easy (To Fall In Love),326,10,,"20,056",+541,"147,530",-963,"11,903,486"
134,+14,Olivia Rodrigo - happier,1509,1,(x2),"19,960",-869,"148,773","+19,960","34,003,233"
135,-23,Iklim - Bukan Ku Tak Sudi,377,38,,"19,929","-3,446","128,319","+19,929","7,690,392"
136,-13,Armada - Asal Kau Bahagia,871,8,,"19,874","-2,562","131,953","+19,874","9,907,364"
137,-16,Iklim - Gerhana Cinta Luka,32,97,,"19,871","-2,708","161,300","-3,122","668,647"
138,+38,Bruno Mars - When I Was Your Man,2809,13,,"19,812",+53,"148,786","-1,892","35,253,395"
139,-6,Ariana Grande - One Last Time,1854,5,,"19,810","-1,892","158,447","-2,635","25,561,472"
140,+9,Lyodra - Pesan Terakhir,1030,18,,"19,757","-1,046","145,782",-824,"26,714,703"
141,+43,Ella - Sembilu,171,68,,"19,728",+300,"125,508","-3,925","3,376,425"
142,-5,Sean Kingston - Eenie Meenie (w/ Justin Bieber),347,3,(x1),"19,721","-1,717","153,730","+19,721","8,595,099"
143,-39,Seventeen - Untuk Mencintaimu,773,40,,"19,675","-4,442","175,624","+19,675","13,657,580"
144,+6,Nadin Amizah - Di Akhir Perang,222,67,,"19,668","-1,050","122,624","-1,107","4,881,638"
145,-21,Juicy Luicy - Lantas,557,62,,"19,596","-2,738","163,355","-5,082","8,749,970"
146,-3,Bruno Mars - That's What I Like,1596,3,(x30),"19,547","-1,473","155,293","-2,794","28,815,158"
147,-3,Shawn Mendes - There's Nothing Holdin' Me Back,752,9,,"19,470","-1,547","160,889","-5,887","9,935,964"
148,+6,Ed Sheeran - Shape of You,1160,1,(x112),"19,435","-1,206","149,972","+19,435","18,630,174"
149,RE,Harry Styles - Sign of the Times,261,14,,"19,370",,"19,370","+19,370","2,880,344"
150,+8,Hyper Act - Kasih,352,71,,"19,268","-1,154","80,327","+19,268","3,996,035"
151,-35,Unknown Artist - Pasti,342,57,,"19,217","-3,562","125,175","-2,317","6,622,341"
152,-21,Zizan Razak - Bawaku Pergi (w/ Kaka Azraff),465,60,,"19,066","-2,938","146,282","-4,055","9,217,001"
153,+8,"Tenxi - mejikuhibiniu (w/ Suisei, Jemsii)",425,2,(x15),"19,036","-1,307","151,238","-2,758","21,876,215"
154,+24,Justin Timberlake - Mirrors,166,75,,"18,970",-753,"100,658","+18,970","1,836,548"
155,-30,Slam - Tak Mungkin Berpaling,99,75,,"18,933","-3,361","146,810","-1,627","2,027,946"
156,+3,Ed Sheeran - Perfect,3343,1,(x31),"18,925","-1,489","150,110","-4,062","48,679,311"
157,+26,KATSEYE - Hootie Frutti,21,53,,"18,903",-574,"143,448","+18,903","505,223"
158,-23,Insomniacks - Sempurna,1446,5,,"18,902","-2,733","154,696","-6,212","39,035,326"
159,+13,New West - Those Eyes,1434,12,,"18,868","-1,033","146,646","-4,314","37,988,688"
160,+14,Sofaz - Janjiku,20,104,,"18,862","-1,036","38,760","+18,862","388,823"
161,-46,"Silet Open Up - TABOLA BALE (w/ Jacson Seran, Juan Reza, Diva Aurel)",413,1,(x12),"18,853","-3,973","164,769","-6,256","21,775,086"
162,-20,Daniel Caesar - Always,950,57,,"18,796","-2,234","148,198","-2,247","17,629,958"
163,RE,The Weeknd - Save Your Tears (Remix) (w/ Ariana Grande),675,53,,"18,785",,"101,630","+18,785","9,831,042"
164,-7,Feby Putri - Runtuh (w/ Fiersa Besari),1653,28,,"18,699","-1,769","102,359",-867,"35,173,301"
165,+4,Harry Styles - As It Was,880,1,(x24),"18,698","-1,340","125,019","+18,698","29,015,967"
166,-19,Justin Bieber - Baby (w/ Ludacris),187,4,,"18,666","-2,163","156,291","-4,339","5,410,006"
167,-12,Maroon 5 - Animals,422,1,(x2),"18,600","-1,969","154,678","-2,023","1,951,345"
168,+18,Screen - Bila Cinta Di Dusta,138,88,,"18,533",-885,"119,664","-4,205","2,682,346"
169,+6,Justin Bieber - Love Yourself,2405,1,(x76),"18,519","-1,342","150,454","-5,072","28,631,676"
170,-34,Exists - Alasanmu,171,65,,"18,439","-3,098","152,049","-3,947","3,538,519"
171,+9,Ariana Grande - Into You,332,16,,"18,420","-1,189","142,222","+18,420","3,366,378"
172,+26,Keane - Somewhere Only We Know,1650,51,,"18,354",-406,"138,914","-1,212","25,189,339"
173,-2,Tulus - Monokrom,57,78,,"18,342","-1,627","142,595","-2,852","1,115,271"
174,RE,BTS - NORMAL,91,9,,"18,287",,"18,287","+18,287","2,556,426"
175,+15,The Goo Goo Dolls - Iris,756,64,,"18,257",-798,"77,547","+18,257","11,450,695"
176,-20,Cakra Khan - Kekasih Bayangan,701,16,,"18,257","-2,278","149,752","-3,667","15,457,738"
177,-13,Aziz Harun - Telepati,43,53,,"18,235","-1,937","122,298","-3,573","1,075,203"
178,RE,Tame Impala - Dracula - JENNIE Remix (w/ JENNIE),180,17,,"18,180",,"59,887","+18,180","5,424,856"
179,-81,Hyper Act - Hanya Aku,1011,8,,"18,163","-6,213","169,025","-16,623","32,219,977"
180,-7,"LE SSERAFIM - ICONIC BY MISTAKE (w/ ILLIT, KATSEYE)",88,12,,"18,104","-1,796","144,444","-2,189","2,733,533"
181,RE,"Sai Abhyankkar - Radhimaa (w/ Nargis Teji, Asma Teji, Vivek)",10,88,,"18,082",,"78,390","+18,082","210,141"
182,RE,Lana Del Rey - Young And Beautiful,373,107,,"18,052",,"78,062","+18,052","5,413,340"
183,-17,Ghea Indrawari - Jiwa Yang Bersedih,622,1,(x3),"18,015","-2,092","99,173","+18,015","23,027,569"
184,+15,Coldplay - Yellow,3176,2,(x1),"18,004",-727,"76,614","+18,004","38,672,205"
185,RE,Hyper Act - Mengejar Rindu,126,71,,"17,959",,"38,827","+17,959","953,077"
186,RE,Selena Gomez & The Scene - Love You Like A Love Song,2,184,,"17,912",,"17,912","+17,912","24,566"
187,NEW,Jess Lee - 甲乙丙丁 - 你我怎么两清,1,187,,"17,898",,"17,898","+17,898","17,898"
188,-66,Sheila On 7 - Dan...,487,18,,"17,866","-4,692","147,211","-3,887","12,548,574"
189,-29,Tulus - Hati-Hati di Jalan,546,22,,"17,855","-2,523","146,473","-6,753","9,678,011"
190,-5,The Marías - No One Noticed,673,23,,"17,750","-1,675","117,796","+17,750","18,863,895"
191,-29,ALYPH - Ingat,439,10,,"17,737","-2,600","142,166","-2,670","15,082,171"
192,RE,JENNIE - like JENNIE,504,1,(x54),"17,709",,"37,978","+17,709","24,052,402"
193,-4,KATSEYE - Gabriela,441,5,,"17,707","-1,407","142,144","-2,762","19,999,644"
194,-54,Ukays - Pahit Akan Manis Akhirnya,28,105,,"17,682","-3,446","142,987","-2,628","567,766"
195,-14,Budak Kacamata - Bintang,252,16,,"17,653","-1,926","121,002","-1,542","6,846,142"
196,-26,H.E.R. - Best Part (w/ Daniel Caesar),2110,44,,"17,640","-2,350","139,060","-2,710","25,347,115"
197,RE,Fabio Asher - Rumah Singgah,1526,2,(x2),"17,619",,"39,783","-4,770","52,846,382"
198,-11,Drama Band - Biarkanlah,1104,49,,"17,547","-1,702","57,391","-2,911","20,364,686"
199,RE,Fajar Noor - Tahta Hatiku #Pendampingmu,51,83,,"17,543",,"38,195","-2,079","1,078,630"
200,RE,Encik Mimpi - Rindukanlah,32,88,,"17,542",,"37,355","+17,542","659,358"
